City_ID,City,Lat,Lng,Max Temp,Humidity,Cloudiness,Wind Speed,Country,Date
0,Cape Town,-33.9258,18.4232,287.74,73,20,2.57,ZA,2021-10-23 21:32:48
1,Harindanga,22.0383,88.3214,299.14,76,30,2.59,IN,2021-10-23 21:32:48
2,Luanda,-8.8368,13.2343,298.15,78,40,3.6,AO,2021-10-23 21:32:48
3,Tupik,54.4253,119.9327,272.6,81,51,1.13,RU,2021-10-23 21:32:49
4,Kiunga,-6.1219,141.2906,298.76,85,71,1.77,PG,2021-10-23 21:32:49
5,Rikitea,-23.1203,-134.9692,296.97,82,97,8.98,PF,2021-10-23 21:31:13
6,Nikolskoye,59.7035,30.7861,275.09,95,98,3.82,RU,2021-10-23 21:28:18
7,Loandjili,-4.7561,11.8578,298.74,86,96,2.97,CG,2021-10-23 21:32:50
8,Hasaki,35.7333,140.8333,278.37,53,1,3.28,JP,2021-10-23 21:27:55
9,Broome,42.2506,-75.833,282.8,78,90,1.54,US,2021-10-23 21:32:51
10,Punta Arenas,-53.15,-70.9167,276.21,81,90,12.86,CL,2021-10-23 21:32:51
11,Hilo,19.7297,-155.09,299.0,79,90,0.0,US,2021-10-23 21:28:11
12,Saint George,37.1041,-113.5841,297.56,23,1,0.45,US,2021-10-23 21:32:52
13,Tiarei,-17.5333,-149.3333,300.16,87,100,6.0,PF,2021-10-23 21:29:39
14,Arraial Do Cabo,-22.9661,-42.0278,296.13,78,0,9.26,BR,2021-10-23 21:32:52
15,Katsuura,35.1333,140.3,284.21,59,49,3.56,JP,2021-10-23 21:32:53
16,Bubaque,11.2833,-15.8333,301.98,70,96,4.75,GW,2021-10-23 21:29:28
17,Kholodnyy,62.7167,147.95,249.71,98,82,0.58,RU,2021-10-23 21:32:53
18,Ushuaia,-54.8,-68.3,273.96,93,75,13.38,AR,2021-10-23 21:32:48
19,Airai,-8.9266,125.4092,290.37,68,28,0.98,TL,2021-10-23 21:32:54
20,Hithadhoo,-0.6,73.0833,301.19,73,70,5.34,MV,2021-10-23 21:32:54
21,Atuona,-9.8,-139.0333,298.88,78,18,8.36,PF,2021-10-23 21:28:22
22,Bay Roberts,47.5999,-53.2648,289.01,93,100,2.24,CA,2021-10-23 21:32:55
23,Ahipara,-35.1667,173.1667,290.14,92,76,2.86,NZ,2021-10-23 21:32:55
24,Cap Malheureux,-19.9842,57.6142,297.42,75,90,2.68,MU,2021-10-23 21:32:33
25,Marsh Harbour,26.5412,-77.0636,299.78,76,98,3.82,BS,2021-10-23 21:32:56
26,Ibra,22.6906,58.5334,296.85,68,3,2.04,OM,2021-10-23 21:32:56
27,Kirakira,-10.4544,161.9205,302.33,69,37,3.94,SB,2021-10-23 21:32:57
28,Sinnar,13.5691,33.5672,304.16,32,1,3.33,SD,2021-10-23 21:32:57
29,Simi,9.5667,-12.35,296.86,96,100,1.32,SL,2021-10-23 21:32:58
30,Meulaboh,4.1363,96.1285,298.04,87,100,1.06,ID,2021-10-23 21:32:58
31,Ponta Do Sol,32.6667,-17.1,294.5,66,32,3.41,PT,2021-10-23 21:32:58
32,Aksu,41.1231,80.2644,281.5,44,7,2.54,CN,2021-10-23 21:30:52
33,Tigil,57.8,158.6667,270.77,90,100,2.43,RU,2021-10-23 21:32:59
34,Vaini,-21.2,-175.2,298.24,61,20,8.75,TO,2021-10-23 21:33:00
35,Alice Springs,-23.7,133.8833,292.9,32,58,6.17,AU,2021-10-23 21:31:15
36,Hermanus,-34.4187,19.2345,286.98,71,14,1.14,ZA,2021-10-23 21:33:01
37,Kapaa,22.0752,-159.319,301.14,76,40,1.79,US,2021-10-23 21:28:57
38,Tynda,55.1667,124.7167,272.06,88,30,0.65,RU,2021-10-23 21:33:02
39,Albany,42.6001,-73.9662,284.68,61,96,3.21,US,2021-10-23 21:33:03
40,Busselton,-33.65,115.3333,283.2,77,92,2.1,AU,2021-10-23 21:33:05
41,Tallahassee,30.4383,-84.2807,301.06,52,40,3.09,US,2021-10-23 21:31:47
42,Dukat,62.55,155.55,253.13,99,90,1.09,RU,2021-10-23 21:33:05
43,Torbay,47.6666,-52.7314,289.13,93,90,5.14,CA,2021-10-23 21:30:16
44,Guerrero Negro,27.9769,-114.0611,294.76,63,1,8.82,MX,2021-10-23 21:33:06
45,Purwodadi,-7.0868,110.9158,299.99,88,94,1.82,ID,2021-10-23 21:33:06
46,Port Moresby,-9.4431,147.1797,297.88,78,17,0.94,PG,2021-10-23 21:29:28
47,Tingi,-11.3,35.0333,294.41,48,9,2.39,TZ,2021-10-23 21:33:06
48,Kovdor,67.5662,30.4758,266.49,90,88,1.89,RU,2021-10-23 21:33:07
49,Bilasipara,26.232,90.2347,293.92,83,7,1.53,IN,2021-10-23 21:33:07
50,Hobart,-42.8794,147.3294,282.6,91,75,1.34,AU,2021-10-23 21:33:08
51,Faanui,-16.4833,-151.75,298.56,77,90,2.97,PF,2021-10-23 21:33:08
52,Kruisfontein,-34.0033,24.7314,286.6,62,69,6.44,ZA,2021-10-23 21:28:54
53,Hokitika,-42.7167,170.9667,286.28,77,100,1.48,NZ,2021-10-23 21:33:09
54,Mangrol,21.1167,70.1167,300.36,58,80,4.88,IN,2021-10-23 21:33:09
55,Cidreira,-30.1811,-50.2056,291.66,94,100,3.63,BR,2021-10-23 21:33:09
56,Archidona,37.0965,-4.3887,288.52,90,48,2.3,ES,2021-10-23 21:33:10
57,Lagoa,39.05,-27.9833,292.28,62,17,6.06,PT,2021-10-23 21:33:10
58,Touros,-5.1989,-35.4608,301.65,75,10,6.46,BR,2021-10-23 21:33:11
59,Acari,-15.4311,-74.6158,293.54,64,18,3.82,PE,2021-10-23 21:33:11
60,Sindhnur,15.7833,76.7667,294.57,94,100,2.73,IN,2021-10-23 21:33:11
61,Wattegama,6.7989,81.4808,297.66,89,27,0.97,LK,2021-10-23 21:33:12
62,Srednekolymsk,67.45,153.6833,247.69,98,36,2.02,RU,2021-10-23 21:33:14
63,Acapulco,16.8634,-99.8901,297.05,88,90,7.2,MX,2021-10-23 21:33:14
64,Kavieng,-2.5744,150.7967,302.06,72,89,5.74,PG,2021-10-23 21:33:14
65,Bijar,35.8668,47.6051,280.19,34,0,3.48,IR,2021-10-23 21:33:15
66,Butaritari,3.0707,172.7902,300.46,74,100,3.86,KI,2021-10-23 21:33:15
67,Yellowknife,62.456,-114.3525,279.44,79,20,9.77,CA,2021-10-23 21:30:16
68,Olafsvik,64.8945,-23.7142,280.76,90,100,4.87,IS,2021-10-23 21:33:16
69,Karwar,14.8,74.1333,297.85,87,97,1.37,IN,2021-10-23 21:30:30
70,Klaksvik,62.2266,-6.589,283.66,86,66,7.42,FO,2021-10-23 21:33:17
71,Cullinan,-25.6709,28.5236,294.72,13,0,3.82,ZA,2021-10-23 21:33:17
72,Aklavik,68.2191,-135.0107,272.55,80,75,2.06,CA,2021-10-23 21:33:18
73,Saldanha,-33.0117,17.9442,285.18,74,18,3.38,ZA,2021-10-23 21:33:18
74,Cabo San Lucas,22.8909,-109.9124,306.77,61,20,7.72,MX,2021-10-23 21:33:18
75,Jumla,29.2747,82.1838,280.57,82,1,1.97,NP,2021-10-23 21:33:19
76,Tobermory,45.2501,-81.6665,282.76,72,39,2.07,CA,2021-10-23 21:33:19
77,Altay,47.8667,88.1167,269.43,63,6,2.72,CN,2021-10-23 21:33:20
78,Tabou,4.423,-7.3528,297.95,89,57,3.08,CI,2021-10-23 21:32:50
79,Chuy,-33.6971,-53.4616,288.5,76,100,1.85,UY,2021-10-23 21:33:20
80,Khatanga,71.9667,102.5,261.18,93,100,7.69,RU,2021-10-23 21:33:21
81,Gorontalo,0.5412,123.0595,296.76,90,99,1.0,ID,2021-10-23 21:33:21
82,Nioaque,-21.1353,-55.83,309.32,29,26,5.86,BR,2021-10-23 21:33:22
83,Mujiayingzi,42.1167,118.7833,276.9,54,1,2.71,CN,2021-10-23 21:33:22
84,Dikson,73.5069,80.5464,259.85,87,99,5.32,RU,2021-10-23 21:33:23
85,Barrow,71.2906,-156.7887,271.16,86,90,6.17,US,2021-10-23 21:31:56
86,Gornyy,55.1153,83.9059,279.15,78,100,9.4,RU,2021-10-23 21:33:23
87,Springfield,37.2153,-93.2982,292.14,89,75,3.13,US,2021-10-23 21:33:23
88,Itarema,-2.9248,-39.9167,300.07,79,63,6.55,BR,2021-10-23 21:33:24
89,Port Lincoln,-34.7333,135.8667,287.02,70,1,4.94,AU,2021-10-23 21:33:24
90,Shagamu,6.8432,3.6478,298.03,96,100,0.32,NG,2021-10-23 21:33:25
91,Sorong,-0.8833,131.25,299.91,80,100,3.74,ID,2021-10-23 21:30:55
92,Tautira,-17.7333,-149.15,300.16,84,100,7.47,PF,2021-10-23 21:29:42
93,Bredasdorp,-34.5322,20.0403,285.77,82,45,2.06,ZA,2021-10-23 21:33:25
94,Ukiah,39.1502,-123.2078,287.28,92,90,4.12,US,2021-10-23 21:33:26
95,Rajampet,14.1833,79.1667,297.46,90,87,0.57,IN,2021-10-23 21:33:26
96,Saint Joseph,39.7686,-94.8466,290.55,62,90,7.2,US,2021-10-23 21:33:27
97,Kasongo-Lunda,-6.4667,16.8167,294.92,96,39,0.92,CD,2021-10-23 21:33:27
98,Cherskiy,68.75,161.3,252.41,100,97,1.35,RU,2021-10-23 21:33:27
99,Port Alfred,-33.5906,26.891,288.93,63,2,8.41,ZA,2021-10-23 21:33:28
100,Yar-Sale,66.8333,70.8333,271.52,94,100,4.91,RU,2021-10-23 21:33:28
101,Sao Joao Da Barra,-21.6403,-41.0511,297.2,83,7,8.31,BR,2021-10-23 21:33:29
102,Qaanaaq,77.484,-69.3632,254.57,58,0,3.86,GL,2021-10-23 21:33:29
103,Exeter,50.7236,-3.5275,287.1,76,100,5.08,GB,2021-10-23 21:29:26
104,Isangel,-19.55,169.2667,300.21,78,75,4.12,VU,2021-10-23 21:33:21
105,Mahibadhoo,3.7833,72.9667,301.07,74,79,6.83,MV,2021-10-23 21:33:30
106,Los Llanos De Aridane,28.6585,-17.9182,292.66,80,90,2.57,ES,2021-10-23 21:33:30
107,Salekhard,66.53,66.6019,271.75,82,99,7.12,RU,2021-10-23 21:33:32
108,Linxia,35.6003,103.2064,279.38,77,71,0.11,CN,2021-10-23 21:33:32
109,Ancud,-41.8697,-73.8203,286.16,65,7,4.93,CL,2021-10-23 21:33:32
110,Hervey Bay,-25.2986,152.8535,298.21,74,50,5.23,AU,2021-10-23 21:33:33
111,Georgetown,5.4112,100.3354,299.76,92,20,1.34,MY,2021-10-23 21:30:51
112,Longkou,37.6508,120.3286,284.49,60,0,2.02,CN,2021-10-23 21:33:34
113,Bluff,-46.6,168.3333,284.0,95,100,1.19,NZ,2021-10-23 21:31:48
114,San Andres,12.5847,-81.7006,303.16,74,90,2.06,CO,2021-10-23 21:33:34
115,Sitka,57.0531,-135.33,282.09,61,90,5.66,US,2021-10-23 21:33:35
116,Tuktoyaktuk,69.4541,-133.0374,272.15,93,90,3.09,CA,2021-10-23 21:33:35
117,La Ronge,55.1001,-105.2842,277.29,65,75,5.66,CA,2021-10-23 21:29:59
118,Karratha,-20.7377,116.8463,299.53,37,93,1.21,AU,2021-10-23 21:33:36
119,Fortuna,40.5982,-124.1573,290.85,78,75,4.92,US,2021-10-23 21:33:36
120,Sao Jose Da Coroa Grande,-8.8978,-35.1478,299.34,80,25,5.09,BR,2021-10-23 21:33:38
121,Zatoka,46.0725,30.4654,284.45,49,87,7.61,UA,2021-10-23 21:33:38
122,Lasa,46.6166,10.7002,279.64,50,1,0.64,IT,2021-10-23 21:33:38
123,Zambezi,-13.5432,23.1047,295.95,60,70,1.04,ZM,2021-10-23 21:33:39
124,Benjamin Constant,-4.3831,-70.0311,301.22,74,20,2.06,BR,2021-10-23 21:33:39
125,Talara,-4.5772,-81.2719,295.57,64,0,6.69,PE,2021-10-23 21:33:40
126,Wamba,8.9333,8.6,294.66,94,12,1.06,NG,2021-10-23 21:33:40
127,Luziania,-16.2525,-47.9503,301.98,52,85,2.27,BR,2021-10-23 21:31:51
128,Kolokani,13.5728,-8.0339,300.65,53,73,2.37,ML,2021-10-23 21:33:42
129,Sao Filipe,14.8961,-24.4956,299.62,71,10,4.09,CV,2021-10-23 21:33:42
130,Vernon,50.2581,-119.2691,287.38,72,100,0.51,CA,2021-10-23 21:33:43
131,Te Anau,-45.4167,167.7167,283.75,95,100,0.2,NZ,2021-10-23 21:33:43
132,Anadyr,64.75,177.4833,252.59,83,40,3.58,RU,2021-10-23 21:33:44
133,Porto Belo,-27.1578,-48.5531,294.14,93,100,2.48,BR,2021-10-23 21:33:44
134,Jamestown,42.097,-79.2353,281.21,97,90,1.34,US,2021-10-23 21:32:21
135,Saint-Francois,46.4154,3.9054,276.3,93,0,1.03,FR,2021-10-23 21:33:45
136,Methven,-43.6333,171.65,287.6,79,100,0.45,NZ,2021-10-23 21:33:45
137,Thompson,55.7435,-97.8558,275.24,69,75,1.03,CA,2021-10-23 21:30:17
138,Saint-Philippe,-21.3585,55.7679,296.9,82,65,5.23,RE,2021-10-23 21:33:46
139,Liepaja,56.5419,21.0367,279.18,70,75,3.6,LV,2021-10-23 21:33:46
140,Oyama,36.3,139.8,285.14,56,0,1.13,JP,2021-10-23 21:33:46
141,Severo-Kurilsk,50.6789,156.125,277.9,76,80,4.67,RU,2021-10-23 21:33:47
142,Hambantota,6.1241,81.1185,298.34,100,20,3.09,LK,2021-10-23 21:33:47
143,Margate,51.3813,1.3862,285.99,74,21,6.36,GB,2021-10-23 21:28:59
144,Mount Gambier,-37.8333,140.7667,282.1,81,92,3.09,AU,2021-10-23 21:33:48
145,Teluk Nibung,3.001,99.8164,297.38,92,100,1.37,ID,2021-10-23 21:33:48
146,Bara,10.3744,10.7288,297.64,83,73,2.88,NG,2021-10-23 21:33:49
147,Udachnyy,66.4167,112.4,269.89,92,79,9.41,RU,2021-10-23 21:33:49
148,Mataura,-46.1927,168.8643,284.67,95,100,0.38,NZ,2021-10-23 21:33:50
149,Belomorsk,64.5232,34.7668,271.03,89,100,2.98,RU,2021-10-23 21:33:50
150,Namtsy,62.7161,129.6658,267.21,96,100,2.51,RU,2021-10-23 21:33:50
151,Ixtapa,20.7,-105.2,303.83,74,20,5.14,MX,2021-10-23 21:33:51
152,Ribeira Grande,38.5167,-28.7,292.77,68,21,5.87,PT,2021-10-23 21:33:51
153,Puerto Ayora,-0.7393,-90.3518,298.13,83,97,4.35,EC,2021-10-23 21:33:51
154,Clyde River,70.4692,-68.5914,266.6,82,93,5.85,CA,2021-10-23 21:33:52
155,Longyearbyen,78.2186,15.6401,267.06,79,20,3.6,SJ,2021-10-23 21:33:52
156,Nabire,-3.3667,135.4833,298.06,90,87,1.29,ID,2021-10-23 21:33:52
157,Puerto Ayacucho,5.6639,-67.6236,301.02,78,73,1.72,VE,2021-10-23 21:33:53
158,Mahebourg,-20.4081,57.7,297.31,83,75,5.66,MU,2021-10-23 21:33:53
159,Tiksi,71.6872,128.8694,256.06,96,100,3.8,RU,2021-10-23 21:33:54
160,San Gabriel,34.0961,-118.1058,296.62,75,75,2.24,US,2021-10-23 21:33:54
161,Zhigansk,66.7697,123.3711,267.55,95,100,5.9,RU,2021-10-23 21:33:55
162,Chiredzi,-21.05,31.6667,302.15,34,50,2.36,ZW,2021-10-23 21:33:55
163,Constitucion,-35.3333,-72.4167,286.42,71,0,7.77,CL,2021-10-23 21:31:20
164,Chokurdakh,70.6333,147.9167,254.26,98,100,2.85,RU,2021-10-23 21:28:58
165,Sistranda,63.7256,8.834,279.21,71,100,5.25,NO,2021-10-23 21:33:56
166,Yinchuan,38.4681,106.2731,282.54,51,0,1.22,CN,2021-10-23 21:33:56
167,Sibolga,1.7427,98.7792,297.43,88,100,1.33,ID,2021-10-23 21:33:56
168,Yokadouma,3.5167,15.05,294.06,99,100,0.9,CM,2021-10-23 21:33:57
169,Bouza,14.4229,6.0428,303.05,35,32,0.67,NE,2021-10-23 21:33:57
170,Mayo,38.8876,-76.5119,293.34,72,90,0.45,US,2021-10-23 21:33:58
171,Grindavik,63.8424,-22.4338,281.41,93,90,4.63,IS,2021-10-23 21:33:58
172,Muros,42.7762,-9.0603,288.62,94,16,1.66,ES,2021-10-23 21:33:58
173,Am Timan,11.0297,20.2827,297.93,73,47,3.04,TD,2021-10-23 21:33:59
174,Peniche,39.3558,-9.3811,291.27,83,22,4.46,PT,2021-10-23 21:33:59
175,Luderitz,-26.6481,15.1594,287.06,76,0,8.09,NA,2021-10-23 21:34:00
176,Avarua,-21.2078,-159.775,297.18,57,79,3.6,CK,2021-10-23 21:34:00
177,East London,-33.0153,27.9116,289.47,64,62,8.8,ZA,2021-10-23 21:30:57
178,Narsaq,60.9167,-46.05,274.27,65,73,1.3,GL,2021-10-23 21:34:01
179,Taoudenni,22.6783,-3.9836,302.86,18,0,3.05,ML,2021-10-23 21:34:01
180,Kaitangata,-46.2817,169.8464,286.39,74,100,1.16,NZ,2021-10-23 21:34:02
181,Coahuayana,18.7333,-103.6833,304.86,68,98,1.67,MX,2021-10-23 21:34:03
182,Vardo,70.3705,31.1107,274.82,67,91,9.97,NO,2021-10-23 21:34:03
183,Rosarito,32.3333,-117.0333,295.14,66,85,4.12,MX,2021-10-23 21:31:03
184,Norman Wells,65.282,-126.8329,280.17,61,20,4.63,CA,2021-10-23 21:34:04
185,Yatou,37.15,122.3833,282.16,71,12,1.02,CN,2021-10-23 21:34:04
186,San Borja,-14.8167,-66.85,310.09,31,46,4.78,BO,2021-10-23 21:34:04
187,Murakami,38.2333,139.4833,283.09,83,73,1.18,JP,2021-10-23 21:34:05
188,Solnechnyy,50.7214,136.6319,273.37,86,0,1.1,RU,2021-10-23 21:34:05
189,Nagato,34.3833,131.2,287.1,62,99,3.36,JP,2021-10-23 21:34:06
190,Curup,-3.4667,102.5333,293.07,96,94,1.02,ID,2021-10-23 21:34:06
191,Bambous Virieux,-20.3428,57.7575,297.29,83,75,5.66,MU,2021-10-23 21:34:06
192,Haines Junction,60.7522,-137.5108,275.12,87,76,0.51,CA,2021-10-23 21:34:07
193,Southbridge,42.0751,-72.0334,287.35,59,34,0.89,US,2021-10-23 21:32:34
194,Vostok,46.4856,135.8833,271.46,87,6,2.59,RU,2021-10-23 21:34:08
195,Codrington,-38.2667,141.9667,284.64,64,50,6.15,AU,2021-10-23 21:34:08
196,Henties Bay,-22.116,14.2845,288.63,91,0,3.87,NA,2021-10-23 21:34:08
197,Lufilufi,-13.8745,-171.5986,304.03,68,99,7.58,WS,2021-10-23 21:34:09
198,Lorengau,-2.0226,147.2712,301.38,79,55,4.54,PG,2021-10-23 21:34:09
199,Antalaha,-14.9003,50.2788,296.21,94,71,1.19,MG,2021-10-23 21:34:10
200,Port Keats,-14.25,129.55,301.76,73,16,2.1,AU,2021-10-23 21:34:10
201,Bethel,41.3712,-73.414,287.49,67,75,3.09,US,2021-10-23 21:30:32
202,Grand-Santi,4.25,-54.3833,296.99,96,100,1.36,GF,2021-10-23 21:34:11
203,Namibe,-15.1961,12.1522,291.29,74,73,4.08,AO,2021-10-23 21:34:11
204,Cururupu,-1.8283,-44.8683,298.56,84,100,1.58,BR,2021-10-23 21:34:12
205,Kondinskoye,59.6481,67.41,277.55,76,53,7.01,RU,2021-10-23 21:34:12
206,Suntar,62.1444,117.6319,275.45,79,100,4.52,RU,2021-10-23 21:34:12
207,Kifri,34.6959,44.9661,294.81,20,35,1.62,IQ,2021-10-23 21:34:13
208,Pio Xii,-3.8325,-45.1525,299.03,82,87,1.39,BR,2021-10-23 21:34:13
209,Lata,40.1629,-8.3327,285.96,68,33,0.75,PT,2021-10-23 21:34:14
210,Ust-Kulom,61.6864,53.6902,274.02,92,100,2.03,RU,2021-10-23 21:34:14
211,Vavuniya,8.7514,80.4971,296.22,98,47,1.76,LK,2021-10-23 21:34:15
212,Inuvik,68.3499,-133.7218,272.57,83,75,1.54,CA,2021-10-23 21:34:15
213,Sarankhola,22.3082,89.7897,294.95,79,27,1.7,BD,2021-10-23 21:34:15
214,Rozkishne,48.5074,39.3004,284.66,58,100,3.95,UA,2021-10-23 21:34:16
215,New Norfolk,-42.7826,147.0587,282.4,79,100,2.68,AU,2021-10-23 21:34:16
216,Mardin,37.3131,40.7436,285.21,19,0,2.2,TR,2021-10-23 21:34:17
217,Kodiak,57.79,-152.4072,279.88,76,90,6.17,US,2021-10-23 21:34:17
218,Upernavik,72.7868,-56.1549,265.81,89,100,4.86,GL,2021-10-23 21:32:49
219,Brae,60.3964,-1.353,285.1,88,100,11.02,GB,2021-10-23 21:34:18
220,Mar Del Plata,-38.0023,-57.5575,288.16,62,20,9.83,AR,2021-10-23 21:34:18
221,Castro,-24.7911,-50.0119,291.15,69,93,1.83,BR,2021-10-23 21:34:19
222,Akdepe,42.0551,59.3788,281.2,37,0,3.97,TM,2021-10-23 21:34:19
223,Kurilsk,45.2333,147.8833,281.25,66,64,6.83,RU,2021-10-23 21:34:20
224,Fort Nelson,58.8053,-122.7002,279.92,70,40,2.57,CA,2021-10-23 21:34:20
225,Cockburn Town,21.4612,-71.1419,302.13,65,75,4.12,TC,2021-10-23 21:34:20
226,Alim,9.5649,122.4876,299.37,84,99,2.8,PH,2021-10-23 21:34:21
227,Pampas,-12.4,-74.9,289.52,55,50,3.07,PE,2021-10-23 21:34:21
228,Poum,-20.2333,164.0167,296.53,78,3,3.86,NC,2021-10-23 21:34:21
229,Kiama,-34.6833,150.8667,291.69,88,86,5.07,AU,2021-10-23 21:34:22
230,Tasiilaq,65.6145,-37.6368,274.24,87,100,2.41,GL,2021-10-23 21:34:23
231,Rumonge,-3.9736,29.4386,297.56,68,40,2.48,BI,2021-10-23 21:34:23
232,Nishihara,26.1842,127.7558,295.75,69,75,3.6,JP,2021-10-23 21:34:24
233,Mitu,1.1983,-70.1733,298.56,90,81,0.9,CO,2021-10-23 21:34:11
234,Obidos,-1.9175,-55.5181,300.29,75,94,1.29,BR,2021-10-23 21:34:24
235,Bontang,0.1333,117.5,297.37,92,100,2.27,ID,2021-10-23 21:34:25
236,Leningradskiy,69.3833,178.4167,261.03,90,100,3.9,RU,2021-10-23 21:34:25
237,Kodinsk,58.6881,99.1844,274.23,93,100,4.92,RU,2021-10-23 21:34:26
238,Storslett,69.7678,21.0247,271.86,97,100,2.43,NO,2021-10-23 21:34:26
239,Tulun,54.5611,100.5792,271.95,92,18,1.95,RU,2021-10-23 21:34:27
240,Maceio,-9.6658,-35.7353,300.84,89,40,5.66,BR,2021-10-23 21:30:34
241,Dwarka,22.2394,68.9678,300.15,65,55,7.43,IN,2021-10-23 21:30:05
242,Mackay,-21.15,149.2,300.4,78,90,1.54,AU,2021-10-23 21:31:21
243,Innisfail,-17.5333,146.0333,299.12,71,33,0.25,AU,2021-10-23 21:34:21
244,Planaltina,-15.4528,-47.6142,301.31,69,74,1.13,BR,2021-10-23 21:34:28
245,Maningrida,-12.0667,134.2667,301.95,69,41,3.24,AU,2021-10-23 21:34:28
246,Jutogh,31.1,77.1167,283.31,67,100,1.85,IN,2021-10-23 21:34:28
247,Samarai,-10.6167,150.6667,300.21,82,82,5.57,PG,2021-10-23 21:34:29
248,Chicama,-7.8447,-79.1469,289.45,71,28,4.11,PE,2021-10-23 21:34:30
249,Shiraz,29.6036,52.5388,289.84,22,0,2.06,IR,2021-10-23 21:34:30
250,College,64.8569,-147.8028,276.43,78,75,0.0,US,2021-10-23 21:34:31
251,Pyay,18.8167,95.2167,296.34,97,95,0.96,MM,2021-10-23 21:34:31
252,Hua Hin,12.5707,99.9588,298.62,87,97,4.32,TH,2021-10-23 21:34:32
253,Padang,-0.9492,100.3543,297.18,88,82,1.48,ID,2021-10-23 21:34:32
254,Mount Isa,-20.7333,139.5,297.02,69,3,2.06,AU,2021-10-23 21:34:33
255,Chapais,49.7834,-74.8492,275.03,79,100,0.56,CA,2021-10-23 21:34:27
256,Yumen,40.2833,97.2,277.24,38,100,3.38,CN,2021-10-23 21:30:54
257,Saskylakh,71.9167,114.0833,259.67,94,100,7.11,RU,2021-10-23 21:32:13
258,Asau,46.4333,26.4,281.15,70,99,0.82,RO,2021-10-23 21:34:34
259,Zharkovskiy,55.849,32.2697,276.36,96,100,4.58,RU,2021-10-23 21:30:13
260,Port Elizabeth,-33.918,25.5701,288.31,77,40,7.2,ZA,2021-10-23 21:34:26
261,Iqaluit,63.7506,-68.5145,274.0,74,90,7.15,CA,2021-10-23 21:34:35
262,Hakkari,37.5833,44.1667,274.03,100,2,1.03,TR,2021-10-23 21:34:35
263,Franklin Park,41.9353,-87.8656,287.02,48,20,0.0,US,2021-10-23 21:34:35
264,Vila Velha,-20.3297,-40.2925,297.12,78,75,5.66,BR,2021-10-23 21:33:33
265,Hamilton,39.1834,-84.5333,288.94,73,90,0.0,US,2021-10-23 21:30:00
266,La Romana,18.4273,-68.9728,302.0,78,40,3.09,DO,2021-10-23 21:34:36
267,Tuatapere,-46.1333,167.6833,284.78,95,100,0.4,NZ,2021-10-23 21:34:18
268,Flinders,-34.5833,150.8552,291.58,84,71,1.79,AU,2021-10-23 21:30:40
269,Carnarvon,-24.8667,113.6333,290.19,88,0,4.12,AU,2021-10-23 21:34:37
270,Tilichiki,60.4667,166.1,260.19,90,99,3.82,RU,2021-10-23 21:34:37
271,Gaomi,36.3833,119.7528,279.03,79,55,1.07,CN,2021-10-23 21:34:39
272,Kahului,20.8947,-156.47,302.16,71,40,8.75,US,2021-10-23 21:33:09
273,Boa Vista,2.8197,-60.6733,306.14,49,40,3.09,BR,2021-10-23 21:34:39
274,Durgapur,23.4833,87.3167,295.13,75,3,1.75,IN,2021-10-23 21:34:40
275,Korla,41.7597,86.1469,283.7,36,100,1.94,CN,2021-10-23 21:34:42
276,Portland,45.5234,-122.6762,286.64,94,90,0.45,US,2021-10-23 21:24:20
277,Gravdal,68.1214,13.5031,277.32,54,100,1.77,NO,2021-10-23 21:34:42
278,Desbiens,48.4178,-71.9495,278.41,65,100,0.7,CA,2021-10-23 21:34:43
279,Lebu,-37.6167,-73.65,285.11,80,20,4.15,CL,2021-10-23 21:34:44
280,Correntina,-13.3433,-44.6367,297.44,74,100,1.21,BR,2021-10-23 21:34:44
281,Santa Isabel Do Rio Negro,-0.4139,-65.0192,301.37,74,94,0.69,BR,2021-10-23 21:34:45
282,Alma,48.5501,-71.6491,277.74,70,100,1.41,CA,2021-10-23 21:33:21
283,Hadejia,12.4498,10.0444,302.03,48,81,2.03,NG,2021-10-23 21:34:45
284,Winnemucca,40.973,-117.7357,284.18,50,90,5.14,US,2021-10-23 21:34:46
285,Oranjemund,-28.55,16.4333,287.12,81,0,6.82,NA,2021-10-23 21:34:46
286,Yining,29.0361,114.5636,283.3,89,14,0.43,CN,2021-10-23 21:34:47
287,Lao Cai,22.4833,103.95,290.22,93,92,0.44,VN,2021-10-23 21:34:47
288,Paamiut,61.994,-49.6678,273.43,53,85,7.73,GL,2021-10-23 21:34:48
289,Mongomo,1.6274,11.3135,292.14,98,75,1.06,GQ,2021-10-23 21:34:48
290,Ostrovnoy,68.0531,39.5131,271.3,89,100,8.48,RU,2021-10-23 21:34:48
291,West Wendover,40.7391,-114.0733,281.71,71,90,2.57,US,2021-10-23 21:34:49
292,Komsomolskiy,40.4272,71.7189,278.83,65,0,3.09,UZ,2021-10-23 21:34:50
293,Piacabucu,-10.4056,-36.4344,299.44,83,11,6.45,BR,2021-10-23 21:34:50
294,Lodja,-3.4833,23.4333,295.83,84,84,0.52,CD,2021-10-23 21:34:51
295,Teguldet,57.3064,88.1667,278.52,90,100,6.43,RU,2021-10-23 21:34:51
296,Labuhan,-6.8844,112.2051,299.22,81,84,3.36,ID,2021-10-23 21:34:52
297,Souillac,-20.5167,57.5167,297.36,83,75,5.66,MU,2021-10-23 21:34:52
298,Petropavlovsk-Kamchatskiy,53.0452,158.6483,271.48,100,75,2.0,RU,2021-10-23 21:34:52
299,Miles City,46.4083,-105.8406,286.77,66,1,0.0,US,2021-10-23 21:34:53
300,Dunedin,-45.8742,170.5036,286.93,77,100,1.79,NZ,2021-10-23 21:34:53
301,Necochea,-38.5473,-58.7368,285.95,73,17,9.06,AR,2021-10-23 21:30:05
302,Acarau,-2.8856,-40.12,300.15,80,74,6.74,BR,2021-10-23 21:30:06
303,La Tuque,47.4334,-72.7824,278.29,56,100,2.06,CA,2021-10-23 21:33:41
304,Martapura,-3.4167,114.85,298.2,100,85,0.51,ID,2021-10-23 21:34:54
305,Waingapu,-9.6567,120.2641,298.56,81,48,1.08,ID,2021-10-23 21:34:55
306,Timra,62.487,17.3257,269.97,93,47,1.54,SE,2021-10-23 21:34:55
307,Hirara,24.8,125.2833,297.61,64,90,6.53,JP,2021-10-23 21:34:55
308,Bambanglipuro,-7.95,110.2833,297.82,89,99,1.8,ID,2021-10-23 21:34:56
309,San Ignacio,17.1561,-89.0714,306.23,62,40,2.06,BZ,2021-10-23 21:34:56
310,Sabha,27.0377,14.4283,301.2,16,78,6.12,LY,2021-10-23 21:34:56
311,Kayerkan,69.3497,87.7602,265.1,94,99,3.0,RU,2021-10-23 21:34:57
312,Honiara,-9.4333,159.95,302.56,63,47,0.2,SB,2021-10-23 21:34:57
313,Victoria,22.2855,114.1577,294.4,81,98,0.89,HK,2021-10-23 21:33:59
314,Kempele,64.9131,25.5034,267.16,93,36,0.0,FI,2021-10-23 21:34:58
315,Bytow,54.1706,17.4919,275.2,83,19,2.02,PL,2021-10-23 21:34:58
316,Yulara,-25.2406,130.9889,292.06,34,40,5.14,AU,2021-10-23 21:34:59
317,Visby,57.6409,18.296,278.27,65,0,4.12,SE,2021-10-23 21:34:59
318,Bengkulu,-3.8004,102.2655,297.33,88,51,1.43,ID,2021-10-23 21:35:00
319,Waipawa,-41.4122,175.5153,286.5,73,99,0.26,NZ,2021-10-23 21:35:00
320,Caravelas,-17.7125,-39.2481,296.6,83,32,2.84,BR,2021-10-23 21:35:01
321,Burnie,-41.0667,145.9167,285.34,59,61,4.85,AU,2021-10-23 21:35:01
322,Ulaangom,49.9811,92.0667,273.14,58,29,1.36,MN,2021-10-23 21:35:02
323,Alofi,-19.0595,-169.9187,298.09,61,90,8.23,NU,2021-10-23 21:35:03
324,Siuna,13.7332,-84.7773,301.13,74,91,1.89,NI,2021-10-23 21:35:04
325,Hohhot,40.8106,111.6522,277.31,56,0,2.0,CN,2021-10-23 21:35:04
326,Gidole,5.65,37.3667,288.2,63,19,1.06,ET,2021-10-23 21:35:05
327,Pisco,-13.7,-76.2167,292.18,72,0,11.32,PE,2021-10-23 21:34:35
328,San Patricio,28.017,-97.5169,304.55,53,14,6.9,US,2021-10-23 21:30:58
329,Alyangula,-13.8483,136.4192,298.08,100,14,0.0,AU,2021-10-23 21:35:07
330,Tigre,-34.426,-58.5796,295.15,45,20,6.17,AR,2021-10-23 21:35:08
331,Izumo,35.3667,132.7667,282.12,93,20,3.09,JP,2021-10-23 21:35:08
332,Lingao,19.9103,109.6859,293.85,83,100,5.17,CN,2021-10-23 21:35:08
333,Ossora,59.2353,163.0719,269.73,87,100,2.59,RU,2021-10-23 21:35:09
334,Vieux Fort,13.7167,-60.95,302.79,70,20,10.29,LC,2021-10-23 21:35:09
335,Mnogovershinnyy,53.9353,139.9242,274.69,82,76,6.69,RU,2021-10-23 21:35:10
336,San Cristobal,7.7669,-72.225,299.25,80,93,1.4,VE,2021-10-23 21:35:10
337,San Matias,-16.3667,-58.4,308.21,37,65,5.41,BO,2021-10-23 21:35:11
338,Mehriz,31.5917,54.4318,283.43,30,0,0.22,IR,2021-10-23 21:34:52
339,Arlit,18.7369,7.3853,303.64,13,7,4.86,NE,2021-10-23 21:35:11
340,Sosnovo-Ozerskoye,52.5249,111.5418,270.06,81,18,2.89,RU,2021-10-23 21:35:12
341,Catuday,16.2923,119.8062,298.72,80,100,4.87,PH,2021-10-23 21:35:12
342,Auki,-8.7676,160.7034,302.08,68,20,1.12,SB,2021-10-23 21:34:59
343,Olutanga,7.3106,122.8464,300.66,78,100,2.0,PH,2021-10-23 21:35:13
344,Tibati,6.4667,12.6333,293.48,92,96,1.31,CM,2021-10-23 21:35:13
345,Najran,17.4924,44.1277,292.51,28,8,0.29,SA,2021-10-23 21:35:14
346,Yaounde,3.8667,11.5167,292.25,99,95,0.95,CM,2021-10-23 21:35:14
347,Mehamn,71.0357,27.8492,274.77,61,100,8.77,NO,2021-10-23 21:35:15
348,Hami,42.8,93.45,282.3,44,100,3.0,CN,2021-10-23 21:34:02
349,Asfi,32.2994,-9.2372,290.84,68,0,7.36,MA,2021-10-23 21:35:15
350,Iberia,29.9502,-91.7507,302.19,65,20,3.09,US,2021-10-23 21:35:16
351,Toamasina,-18.1667,49.3833,298.15,94,40,3.09,MG,2021-10-23 21:35:16
352,Baykit,61.67,96.37,274.25,96,100,4.06,RU,2021-10-23 21:35:16
353,Plettenberg Bay,-34.0527,23.3716,286.2,80,66,3.35,ZA,2021-10-23 21:35:17
354,Kalmunai,7.4167,81.8167,298.65,84,33,2.21,LK,2021-10-23 21:35:08
355,Suzaka,36.65,138.3167,278.55,94,16,0.57,JP,2021-10-23 21:35:17
356,Mitsamiouli,-11.3847,43.2844,298.78,76,17,2.62,KM,2021-10-23 21:35:18
357,Salalah,17.0151,54.0924,297.2,60,0,2.57,OM,2021-10-23 21:35:18
358,Pangnirtung,66.1451,-65.7125,269.06,91,98,2.05,CA,2021-10-23 21:32:49
359,Kenai,60.5544,-151.2583,280.45,77,90,7.72,US,2021-10-23 21:35:19
360,Okhotsk,59.3833,143.3,264.2,74,1,7.26,RU,2021-10-23 21:35:19
361,Batangafo,7.3008,18.2833,293.98,97,61,1.51,CF,2021-10-23 21:35:20
362,Nemuro,43.3236,145.575,280.66,71,3,6.34,JP,2021-10-23 21:35:20
363,Strelka,58.0728,93.0344,276.28,96,100,5.94,RU,2021-10-23 21:35:20
364,Aitape,-3.1374,142.3475,300.39,78,88,2.71,PG,2021-10-23 21:33:34
365,Cootamundra,-34.65,148.0333,282.56,80,17,3.47,AU,2021-10-23 21:35:21
366,Shahr-E Babak,30.1165,55.1186,286.6,26,10,2.31,IR,2021-10-23 21:35:21
367,Bo Phloi,14.3236,99.5161,295.88,93,66,3.41,TH,2021-10-23 21:35:22
368,Roseburg,43.2165,-123.3417,289.21,66,90,2.57,US,2021-10-23 21:35:22
369,Cervo,43.6702,-7.4101,284.8,77,46,1.84,ES,2021-10-23 21:35:23
370,Maibong,25.3,93.1667,291.55,89,7,0.42,IN,2021-10-23 21:35:23
371,Kananga,-5.8958,22.4178,296.19,71,78,0.5,CD,2021-10-23 21:35:24
372,Sulangan,11.1373,123.7228,299.56,79,100,5.07,PH,2021-10-23 21:35:24
373,Ust-Ishim,57.6935,71.1665,279.3,75,20,5.18,RU,2021-10-23 21:35:24
374,Collie,-33.3667,116.15,282.03,71,70,1.7,AU,2021-10-23 21:35:25
375,Lompoc,34.6391,-120.4579,296.31,64,1,9.26,US,2021-10-23 21:35:25
376,Bairiki,1.3292,172.9752,302.15,61,75,2.06,KI,2021-10-23 21:35:25
377,Boyuibe,-20.4167,-63.2833,313.1,59,65,4.91,BO,2021-10-23 21:35:26
378,Valparaiso,-33.0393,-71.6273,295.95,44,0,6.17,CL,2021-10-23 21:35:26
379,Columbus,39.9612,-82.9988,287.65,67,90,3.6,US,2021-10-23 21:35:27
380,Songjianghe,42.1859,127.479,272.61,75,0,1.96,CN,2021-10-23 21:35:27
381,Inhambane,-23.865,35.3833,296.58,88,1,7.24,MZ,2021-10-23 21:35:27
382,Buala,-8.145,159.5921,302.1,64,28,2.09,SB,2021-10-23 21:35:28
383,Cayenne,4.9333,-52.3333,298.76,88,75,1.03,GF,2021-10-23 21:35:28
384,Kutum,14.2,24.6667,297.86,21,21,5.7,SD,2021-10-23 21:35:29
385,Tubuala,9.5167,-79.0333,302.35,80,29,1.3,PA,2021-10-23 21:35:29
386,Nouadhibou,20.931,-17.0347,293.31,82,0,9.84,MR,2021-10-23 21:35:30
387,Nome,64.5011,-165.4064,272.19,80,1,2.06,US,2021-10-23 21:35:30
388,Green Valley,31.8543,-110.9937,302.83,23,22,1.79,US,2021-10-23 21:31:30
389,Teahupoo,-17.8333,-149.2667,297.13,83,100,3.61,PF,2021-10-23 21:35:31
390,Werda,-25.2667,23.2833,289.74,48,0,7.94,BW,2021-10-23 21:35:31
391,Mareeba,-17.0,145.4333,296.75,95,62,2.06,AU,2021-10-23 21:35:32
392,Inta,66.0317,60.1659,269.08,92,97,6.58,RU,2021-10-23 21:35:32
393,San Francisco Del Mar,16.2333,-94.65,301.38,72,68,4.57,MX,2021-10-23 21:35:32
394,Dingle,10.9995,122.6711,297.11,94,100,1.86,PH,2021-10-23 21:35:33
395,Kargasok,59.0556,80.8572,280.69,87,100,8.12,RU,2021-10-23 21:35:34
396,Bonthe,7.5264,-12.505,298.86,85,100,1.28,SL,2021-10-23 21:35:28
397,Nueva Helvecia,-34.3,-57.2333,293.9,82,82,3.6,UY,2021-10-23 21:35:34
398,Roma,43.2128,-75.4557,283.39,74,90,3.6,US,2021-10-23 21:34:44
399,Augusto Correa,-1.0217,-46.635,298.67,87,89,2.17,BR,2021-10-23 21:35:35
400,Dabola,10.75,-11.1167,295.83,94,50,0.92,GN,2021-10-23 21:35:35
401,Xining,36.6167,101.7667,277.63,87,99,1.2,CN,2021-10-23 21:35:36
402,Seabra,-12.4186,-41.7703,294.65,87,100,1.51,BR,2021-10-23 21:35:36
403,San Carlos De Bariloche,-41.1456,-71.3082,284.01,46,40,13.38,AR,2021-10-23 21:33:32
404,Guthrie,35.8789,-97.4253,304.12,51,1,8.75,US,2021-10-23 21:35:37
405,Jussara,-23.6214,-52.4694,293.13,95,79,0.56,BR,2021-10-23 21:35:37
406,Shieli,44.1667,66.75,281.68,38,6,3.15,KZ,2021-10-23 21:35:38
407,Raudeberg,61.9875,5.1352,281.41,80,100,5.36,NO,2021-10-23 21:34:44
408,Ovsyanka,55.9575,92.5519,276.69,88,97,8.06,RU,2021-10-23 21:35:38
409,Provideniya,64.3833,-173.3,268.97,77,100,3.73,RU,2021-10-23 21:35:39
410,Maniitsoq,65.4167,-52.9,270.39,48,100,2.75,GL,2021-10-23 21:35:39
411,Eidfjord,60.4675,7.0719,280.09,88,100,2.11,NO,2021-10-23 21:35:39
412,Ranfurly,-45.1333,170.1,284.3,87,100,1.07,NZ,2021-10-23 21:35:40
413,Kuntaur,13.6667,-14.8833,301.5,53,68,1.27,GM,2021-10-23 21:35:40
414,Americus,32.0724,-84.2327,300.68,29,0,0.0,US,2021-10-23 21:35:41
415,Esperance,-33.8667,121.9,284.06,64,30,7.84,AU,2021-10-23 21:35:41
416,Slave Lake,55.2834,-114.769,275.14,93,90,5.66,CA,2021-10-23 21:35:42
417,Volyne,49.1658,13.8862,276.85,78,38,1.22,CZ,2021-10-23 21:35:42
418,Saint-Augustin,51.226,-58.6502,277.74,89,100,7.33,CA,2021-10-23 21:35:43
419,Manzanillo,20.3433,-77.1167,302.06,67,58,1.96,CU,2021-10-23 21:35:43
420,Edd,13.9297,41.6925,302.76,66,61,4.77,ER,2021-10-23 21:35:43
421,Rochester,43.1548,-77.6156,282.71,73,75,0.45,US,2021-10-23 21:30:47
422,Naryan-Mar,67.6713,53.087,269.94,88,21,3.86,RU,2021-10-23 21:35:44
423,Grand Gaube,-20.0064,57.6608,297.37,75,92,2.24,MU,2021-10-23 21:35:44
424,Liberal,37.0431,-100.921,304.72,12,1,9.77,US,2021-10-23 21:35:45
425,Topolobampo,25.6,-109.05,305.4,61,20,3.6,MX,2021-10-23 21:35:45
426,Linqing,36.8456,115.7117,282.64,68,74,2.38,CN,2021-10-23 21:35:45
427,Revelstoke,50.9832,-118.2023,284.16,82,75,2.06,CA,2021-10-23 21:35:46
428,Bhainsdehi,21.6467,77.6325,290.33,69,5,0.77,IN,2021-10-23 21:35:46
429,Geraldton,-28.7667,114.6,284.38,87,26,2.06,AU,2021-10-23 21:31:25
430,Kenora,49.8167,-94.4337,278.81,70,75,2.06,CA,2021-10-23 21:35:47
431,Atasu,48.6814,71.6433,276.89,53,2,4.53,KZ,2021-10-23 21:35:47
432,Berlevag,70.8578,29.0864,275.19,61,100,9.78,NO,2021-10-23 21:35:48
433,Port Hardy,50.6996,-127.4199,285.25,66,40,3.09,CA,2021-10-23 21:35:48
434,Dubti,11.7361,41.0853,302.72,41,19,6.35,ET,2021-10-23 21:35:48
435,Oksfjord,70.2396,22.3479,273.66,98,100,3.0,NO,2021-10-23 21:35:49
436,Huatulco,15.8436,-96.3267,301.52,74,90,0.0,MX,2021-10-23 21:35:44
437,Douentza,14.9951,-2.9517,306.45,30,23,3.67,ML,2021-10-23 21:35:50
438,Araouane,18.9048,-3.5265,303.5,20,8,3.25,ML,2021-10-23 21:35:50
439,Porto Walter,-8.2686,-72.7439,304.29,51,100,0.68,BR,2021-10-23 21:35:50
440,Harper,4.375,-7.7169,297.9,90,71,3.24,LR,2021-10-23 21:35:51
441,Plouzane,48.3833,-4.6167,284.25,79,90,4.12,FR,2021-10-23 21:35:51
442,Xiaoshi,41.2971,124.1209,279.4,68,0,1.62,CN,2021-10-23 21:35:52
443,Gat,31.61,34.7642,294.71,100,0,1.9,IL,2021-10-23 21:35:52
444,La Palma,33.8464,-118.0467,296.45,75,75,2.24,US,2021-10-23 21:35:52
445,North Bend,43.4065,-124.2243,288.28,97,100,4.63,US,2021-10-23 21:35:53
446,Kununurra,-15.7667,128.7333,298.14,94,2,2.57,AU,2021-10-23 21:35:53
447,Paris,48.8534,2.3488,282.03,83,0,1.54,FR,2021-10-23 21:28:31
448,Carutapera,-1.195,-46.02,299.44,79,88,2.94,BR,2021-10-23 21:35:54
449,Mancio Lima,-7.6142,-72.8958,307.19,55,40,2.57,BR,2021-10-23 21:35:54
450,Kropotkin,45.4375,40.5756,284.87,87,99,2.9,RU,2021-10-23 21:35:55
451,Boulder City,35.9786,-114.8325,298.02,18,1,5.14,US,2021-10-23 21:35:55
452,Talnakh,69.4865,88.3972,266.94,95,98,2.87,RU,2021-10-23 21:35:55
453,Mana,5.6592,-53.7767,298.96,90,99,4.45,GF,2021-10-23 21:35:56
454,Nauchnyy Gorodok,53.4203,83.521,277.63,93,75,12.0,RU,2021-10-23 21:35:56
455,Nalut,30.3333,10.85,296.04,45,100,1.07,LY,2021-10-23 21:35:57
456,Hobyo,5.3505,48.5268,299.32,79,43,3.82,SO,2021-10-23 21:35:57
457,Caraz,-9.0486,-77.81,292.8,72,87,2.79,PE,2021-10-23 21:35:57
458,Chunoyar,57.4467,97.3217,275.46,92,100,5.86,RU,2021-10-23 21:35:58
459,Gbarnga,6.9956,-9.4722,295.11,99,100,1.05,LR,2021-10-23 21:35:58
460,Arica,-18.475,-70.3042,292.9,63,0,5.66,CL,2021-10-23 21:34:12
461,Hvide Sande,56.0045,8.1294,282.59,80,85,8.67,DK,2021-10-23 21:35:59
462,Port Blair,11.6667,92.75,298.17,94,75,1.03,IN,2021-10-23 21:35:59
463,Kamenka,51.3223,42.7678,279.43,71,7,3.23,RU,2021-10-23 21:36:00
464,Sorland,67.667,12.6934,278.67,71,99,4.61,NO,2021-10-23 21:36:00
465,Oxford,51.7522,-1.256,284.98,78,75,3.09,GB,2021-10-23 21:35:00
466,Katherine,-14.4667,132.2667,300.33,65,6,2.06,AU,2021-10-23 21:36:01
467,Pattukkottai,10.4333,79.3167,298.85,86,43,2.93,IN,2021-10-23 21:36:01
468,Muscatine,41.4667,-91.1335,287.25,36,1,0.89,US,2021-10-23 21:36:02
469,La Asuncion,11.0333,-63.8628,303.0,70,23,9.26,VE,2021-10-23 21:36:03
470,Punta Alta,-38.8759,-62.0736,286.8,50,24,7.02,AR,2021-10-23 21:36:03
471,Puerto Maldonado,-12.6,-69.1833,310.37,41,20,2.57,PE,2021-10-23 21:36:04
472,Goderich,43.7501,-81.7165,281.33,81,100,2.57,CA,2021-10-23 21:36:04
473,Laguna,38.421,-121.4238,292.73,61,90,1.34,US,2021-10-23 21:36:05
474,Helong,42.5397,128.9972,274.9,70,0,2.23,CN,2021-10-23 21:36:05
475,Smithers,54.7804,-127.1743,280.33,87,75,2.57,CA,2021-10-23 21:32:27
476,Abu Samrah,35.3029,37.1841,291.56,61,0,3.24,SY,2021-10-23 21:36:06
477,Alta Floresta,-9.8756,-56.0861,303.05,66,20,1.03,BR,2021-10-23 21:36:06
478,Dongying,37.4564,118.4856,283.34,57,48,1.0,CN,2021-10-23 21:36:07
479,Natal,-5.795,-35.2094,301.51,83,20,5.66,BR,2021-10-23 21:34:26
480,Hoa Binh,20.8133,105.3383,292.09,82,31,0.96,VN,2021-10-23 21:36:07
481,Bad Segeberg,53.9333,10.3167,280.86,83,82,2.48,DE,2021-10-23 21:35:45
482,Bowen,-20.0167,148.2333,299.27,66,36,1.45,AU,2021-10-23 21:36:08
483,Kandrian,-6.2167,149.55,300.31,82,40,2.88,PG,2021-10-23 21:36:08
484,Bacong,9.2464,123.2956,298.62,85,98,1.04,PH,2021-10-23 21:36:09
485,Nhulunbuy,-12.2333,136.7667,298.49,88,40,0.0,AU,2021-10-23 21:36:09
486,San Antonio,29.4241,-98.4936,305.7,53,40,0.45,US,2021-10-23 21:31:13
487,Caxito,-8.5785,13.6643,298.51,78,92,1.34,AO,2021-10-23 21:36:10
488,Valdivia,-39.8142,-73.2459,286.2,97,99,0.82,CL,2021-10-23 21:32:10
489,Cluses,46.0625,6.575,283.37,70,0,1.88,FR,2021-10-23 21:36:11
490,Pochutla,15.7432,-96.4661,302.05,75,96,2.5,MX,2021-10-23 21:36:06
491,Boguchany,58.3814,97.4531,275.46,89,100,6.24,RU,2021-10-23 21:36:11
492,Richards Bay,-28.783,32.0377,294.04,68,87,9.16,ZA,2021-10-23 21:36:12
493,Zhezkazgan,47.8043,67.7144,279.04,43,14,3.73,KZ,2021-10-23 21:34:50
494,Kibre Mengist,5.8833,38.9833,286.9,88,48,0.84,ET,2021-10-23 21:36:12
495,Maltahohe,-24.8333,16.9833,284.24,66,0,7.5,NA,2021-10-23 21:36:12
496,Oudtshoorn,-33.5907,22.2014,284.35,75,86,1.04,ZA,2021-10-23 21:36:13
497,Sao Gabriel Da Cachoeira,-0.1303,-67.0892,298.04,94,20,3.09,BR,2021-10-23 21:36:13
498,Aleksandrov Gay,50.147,48.5704,285.95,74,100,5.19,RU,2021-10-23 21:36:14
499,Astoria,46.1879,-123.8313,287.51,82,90,0.89,US,2021-10-23 21:33:56
500,Aasiaat,68.7098,-52.8699,262.94,92,74,1.49,GL,2021-10-23 21:36:14
501,Ahuimanu,21.4447,-157.8378,302.47,56,20,3.6,US,2021-10-23 21:36:15
502,Sisimiut,66.9395,-53.6735,268.78,94,100,4.93,GL,2021-10-23 21:36:16
503,Port-Cartier,50.0334,-66.8654,281.9,93,100,2.13,CA,2021-10-23 21:35:09
504,Noyabrsk,63.1994,75.4507,274.82,94,100,6.54,RU,2021-10-23 21:36:16
505,Minatitlan,17.9833,-94.5167,304.2,74,40,4.12,MX,2021-10-23 21:29:30
506,Malanje,-9.5402,16.341,292.02,96,82,0.82,AO,2021-10-23 21:36:17
507,Kralendijk,12.15,-68.2667,303.14,70,40,9.26,BQ,2021-10-23 21:36:17
508,Santarem,-2.4431,-54.7083,299.22,94,40,0.0,BR,2021-10-23 21:36:17
509,Fort-Shevchenko,44.5086,50.263,286.25,46,0,4.87,KZ,2021-10-23 21:36:18
510,Grande Prairie,55.1667,-118.8027,280.25,76,75,1.03,CA,2021-10-23 21:36:18
511,Skjervoy,70.0311,20.9714,274.53,96,100,0.8,NO,2021-10-23 21:36:19
512,Darnah,32.767,22.6367,295.52,56,0,3.25,LY,2021-10-23 21:36:19
513,Saint-Pierre,-21.3393,55.4781,296.95,83,0,2.57,RE,2021-10-23 21:36:20
514,Nioro,13.35,-15.75,300.58,51,74,1.35,GM,2021-10-23 21:36:20
515,Ketchikan,55.3422,-131.6461,280.41,93,90,3.6,US,2021-10-23 21:33:09
516,Vao,-22.6667,167.4833,295.57,76,13,6.27,NC,2021-10-23 21:32:48
517,Awbari,26.5921,12.7805,300.59,16,66,6.32,LY,2021-10-23 21:34:36
518,Fukue,32.6881,128.8419,290.95,55,86,5.92,JP,2021-10-23 21:36:21
519,Launceston,-41.45,147.1667,283.95,86,90,3.13,AU,2021-10-23 21:31:45
520,Zhanaozen,43.3,52.8,283.33,26,0,5.13,KZ,2021-10-23 21:36:22
521,Vanimo,-2.6741,141.3028,300.01,78,53,2.79,PG,2021-10-23 21:36:22
522,Walvis Bay,-22.9575,14.5053,288.76,82,0,1.03,NA,2021-10-23 21:36:23
523,Half Moon Bay,37.4636,-122.4286,294.22,64,20,4.12,US,2021-10-23 21:36:23
524,Iquique,-20.2208,-70.1431,290.17,72,7,2.42,CL,2021-10-23 21:36:23
525,Coruripe,-10.1256,-36.1756,299.28,83,27,7.2,BR,2021-10-23 21:36:24
526,Hovd,48.0056,91.6419,273.95,50,2,3.14,MN,2021-10-23 21:36:24
527,Nola,40.922,14.5329,293.91,74,100,4.02,IT,2021-10-23 21:36:24
528,Mayya,61.7333,130.2811,266.77,96,100,2.41,RU,2021-10-23 21:36:25
529,Mithi,24.7318,69.7981,297.82,73,0,4.6,PK,2021-10-23 21:36:25
530,Pevek,69.7008,170.3133,261.36,93,100,3.26,RU,2021-10-23 21:36:26
531,Sakhnovshchyna,49.1517,35.872,278.64,62,21,2.76,UA,2021-10-23 21:36:26
532,Lagos,6.5833,3.75,298.33,94,100,0.65,NG,2021-10-23 21:30:18
533,Saint Anthony,45.0205,-93.218,284.96,48,1,0.89,US,2021-10-23 21:36:27
534,Matadi,-5.8167,13.45,298.8,84,99,2.73,CD,2021-10-23 21:36:27
535,Arrecife,28.963,-13.5477,295.19,64,40,2.57,ES,2021-10-23 21:36:27
536,Kisoro,-1.2854,29.685,286.9,93,79,1.17,UG,2021-10-23 21:36:28
537,Broken Hill,-31.95,141.4333,282.99,71,0,7.72,AU,2021-10-23 21:36:28
538,Tazovskiy,67.4667,78.7,270.91,98,100,3.52,RU,2021-10-23 21:36:29
539,Cabedelo,-6.9811,-34.8339,300.52,77,53,6.18,BR,2021-10-23 21:36:29
540,Puerto Leguizamo,-0.1934,-74.7819,302.09,67,77,0.41,CO,2021-10-23 21:36:29
541,Yanam,16.7333,82.2167,296.91,92,89,1.28,IN,2021-10-23 21:36:30
542,Egvekinot,66.3167,-179.1667,261.46,81,100,2.68,RU,2021-10-23 21:34:38
543,San Rafael,-34.6177,-68.3301,295.55,16,0,4.7,AR,2021-10-23 21:36:31
544,Salinopolis,-0.6136,-47.3561,300.47,80,61,4.92,BR,2021-10-23 21:36:31
545,Lavrentiya,65.5833,-171.0,268.61,85,100,4.44,RU,2021-10-23 21:36:32
546,San Quintin,30.4833,-115.95,292.75,68,18,9.22,MX,2021-10-23 21:36:32
547,Itaituba,-4.2761,-55.9836,300.24,89,75,0.0,BR,2021-10-23 21:36:33
548,Abilene,32.4487,-99.7331,306.42,38,1,8.23,US,2021-10-23 21:32:09
549,Bolgar,54.95,49.0667,281.1,80,100,6.71,RU,2021-10-23 21:36:34
550,Glendive,47.1053,-104.7125,284.14,69,90,5.14,US,2021-10-23 21:36:34
551,Sangar,63.9242,127.4739,265.35,94,100,5.03,RU,2021-10-23 21:36:35
552,Tarakan,3.3,117.6333,298.87,94,20,0.0,ID,2021-10-23 21:36:35
553,Bethanien,-26.502,17.1583,284.24,66,7,3.01,NA,2021-10-23 21:36:36
554,Camargo,27.6667,-105.1667,302.88,12,0,4.47,MX,2021-10-23 21:36:36
555,Deshnok,27.7986,73.3447,294.6,71,75,7.69,IN,2021-10-23 21:36:37
556,Wuda,39.4994,106.7117,280.13,53,0,0.66,CN,2021-10-23 21:36:37
557,Arcata,40.8665,-124.0828,291.0,68,90,2.68,US,2021-10-23 21:36:23
558,Borogontsy,62.6683,131.1683,264.57,95,100,2.1,RU,2021-10-23 21:36:38
559,Killybegs,54.6333,-8.45,286.1,90,100,9.81,IE,2021-10-23 21:36:38
560,Perama,37.9757,23.5828,292.99,82,4,0.51,GR,2021-10-23 21:36:39
561,Phan Thiet,10.9333,108.1,297.72,87,98,1.56,VN,2021-10-23 21:36:39
562,Adre,13.4667,22.2,299.74,21,27,7.18,TD,2021-10-23 21:36:39
563,Beloha,-25.1667,45.05,293.84,89,1,1.05,MG,2021-10-23 21:36:40
564,Bathsheba,13.2167,-59.5167,301.49,69,40,8.23,BB,2021-10-23 21:36:40
565,Jirlau,45.1667,27.1667,284.55,66,100,4.5,RO,2021-10-23 21:36:41
566,Bazarnyy Karabulak,52.2683,46.4144,281.19,81,100,5.85,RU,2021-10-23 21:36:41
567,Salym,60.0625,71.4789,278.47,78,95,5.86,RU,2021-10-23 21:36:42
568,Mogadishu,2.0371,45.3438,299.22,84,4,3.45,SO,2021-10-23 21:35:17
569,Sambava,-14.2667,50.1667,296.78,92,45,1.56,MG,2021-10-23 21:36:42
570,Wanaka,-44.7,169.15,289.32,66,100,1.34,NZ,2021-10-23 21:36:43
571,Taltal,-25.4,-70.4833,289.2,71,21,3.62,CL,2021-10-23 21:36:43
572,Comodoro Rivadavia,-45.8667,-67.5,290.07,16,40,14.4,AR,2021-10-23 21:31:46
573,Ndele,8.4109,20.6473,293.91,91,99,0.55,CF,2021-10-23 21:36:44
574,Saint-Georges,12.0564,-61.7485,301.97,74,20,8.75,GD,2021-10-23 21:32:50
575,Dogondoutchi,13.6393,4.0287,302.13,56,71,4.11,NE,2021-10-23 21:36:45
576,Daru,-9.0763,143.2092,300.88,77,84,6.17,PG,2021-10-23 21:36:45
